https://github.com/ElemeFE/element,203
https://github.com/youzan/vant,203
https://github.com/fabricjs/fabric.js,203
https://github.com/snyk/snyk,203
https://github.com/Azure/azure-sdk-for-js,203
https://github.com/Azure/azure-sdk-for-java,203
https://github.com/openzipkin/brave,203
https://github.com/facebook/flipper,203
https://github.com/hotwired/turbo,203
https://github.com/datadog/datadog-agent,203
https://github.com/dagster-io/dagster,203
https://github.com/aws-amplify/amplify-cli,203
https://github.com/ckeditor/ckeditor5,203
https://github.com/facebook/facebook-android-sdk,203
https://github.com/mvdan/sh,203
https://github.com/reach/router,203
https://github.com/nodeca/js-yaml,203
https://github.com/grails/grails-core,203
https://github.com/xtuc/webassemblyjs,203
https://github.com/scribejava/scribejava,203
https://github.com/typeorm/typeorm,203
https://github.com/pypa/sampleproject,203
https://github.com/aws/aws-sdk-java-v2,203
https://github.com/infinispan/infinispan,203
https://github.com/alibaba-fusion/next,203
https://github.com/pytorch/botorch,203
https://github.com/speedment/speedment,203
https://github.com/egoist/rollup-plugin-postcss,203
https://github.com/casesandberg/react-color,203
https://github.com/eclipse/hawkbit,203
https://github.com/apache/cordova-plugin-inappbrowser,203
https://github.com/ag-grid/ag-grid,203
https://github.com/paulmillr/chokidar,203
https://github.com/kubernetes-client/javascript,203
https://github.com/apiman/apiman,203
https://github.com/siddharthkp/bundlesize,203
https://github.com/daybrush/moveable,203
https://github.com/visgl/react-map-gl,203
https://github.com/http4k/http4k,203
https://github.com/aws/aws-sdk-js,203
https://github.com/PrismJS/prism,203
https://github.com/trufflesuite/ganache-cli,203
https://github.com/ethereumjs/ethereumjs-monorepo,203
https://github.com/decidim/decidim,203
https://github.com/CesiumGS/cesium,203
https://github.com/ebean-orm/ebean,203
